ID,Name,Photo
S001,Amit,student_images/amit.jpg
S002,Riya,student_images/riya.jpg
S003,Arjun,student_images/arjun.jpg
S004,Neha,student_images/neha.jpg
S005,Karan,student_images/karan.jpg
S006,Tina,student_images/tina.jpg
S007,Vivek,student_images/vivek.jpg
S008,Sara,student_images/sara.jpg
S009,Rahul,student_images/rahul.jpg
S010,Priya,student_images/priya.jpg
